{
  "info": {
    "name": "Parking API Collection",
    "schema": "https://schema.getpostman.com/json/collection/v2.1.0/collection.json"
  },
  "item": [
    {
      "name": "List Places",
      "request": {
        "method": "GET",
        "header": [],
        "url": {
          "raw": "http://localhost:8080/api/places",
          "host": [
            "http://localhost:8080"
          ],
          "path": [
            "api",
            "places"
          ]
        }
      }
    },
    {
      "name": "Create Reservation",
      "request": {
        "method": "POST",
        "header": [],
        "url": {
          "raw": "http://localhost:8080/api/reservations?plate=ABC123&placeId=1",
          "host": [
            "http://localhost:8080"
          ],
          "path": [
            "api",
            "reservations"
          ],
          "query": [
            {
              "key": "plate",
              "value": "ABC123"
            },
            {
              "key": "placeId",
              "value": "1"
            }
          ]
        }
      }
    },
    {
      "name": "Finish Reservation",
      "request": {
        "method": "POST",
        "header": [],
        "url": {
          "raw": "http://localhost:8080/api/reservations/1/finish",
          "host": [
            "http://localhost:8080"
          ],
          "path": [
            "api",
            "reservations",
            "1",
            "finish"
          ]
        }
      }
    }
  ]
}